series,direction,start,end,days,actual,expected,impact,peak_z
Category: Outdoor & Camping,drop,2025-02-03,2025-02-23,21,5710.36,30737.3,-25026.94,6.34
Total,drop,2024-03-13,2024-03-13,1,4345.0,11486.61,-7141.61,4.16
Channel: Online,drop,2024-03-12,2024-03-13,2,500.93,7328.73,-6827.8,4.4
Channel: Online,drop,2025-09-08,2025-09-08,1,2922.75,7204.86,-4282.11,4.0
Channel: In-Store,drop,2023-04-29,2023-04-29,1,3144.75,7246.6,-4101.85,3.65
Store: North / Online,drop,2023-03-09,2023-03-10,2,511.7,4603.85,-4092.15,4.27
Channel: In-Store,drop,2025-12-26,2025-12-26,1,5280.65,9144.13,-3863.48,4.38
Category: Sports & Fitness,drop,2023-06-26,2023-06-28,3,1541.62,5055.49,-3513.87,4.08
Store: North / Online,spike,2023-01-13,2023-01-13,1,3829.73,848.02,2981.71,3.57
Region: North,drop,2023-01-21,2023-01-21,1,2594.12,5453.15,-2859.03,3.84
