date,actual,expected,z
2023-01-01,9937.33,9310.12,2.535
2023-01-02,21594.08,12894.94,1.743
2023-01-03,12208.2,12726.88,1.497
2023-01-04,12434.36,12481.79,-0.018
2023-01-05,12533.42,11131.6,0.598
2023-01-06,15011.63,12789.1,0.74
2023-01-07,14074.43,13387.15,0.727
2023-01-08,15046.07,13502.12,0.008
2023-01-09,10872.51,12102.05,-0.414
2023-01-10,10721.38,11902.71,-0.511
2023-01-11,12940.4,11762.36,0.22
2023-01-12,13076.4,11250.45,0.712
2023-01-13,15193.65,14041.84,0.048
2023-01-14,12593.64,14368.91,-1.565
2023-01-15,8086.85,13504.96,-2.206
2023-01-16,9670.97,10580.12,-1.153
2023-01-17,12996.16,10349.06,1.524
2023-01-18,15149.32,9835.14,2.519
2023-01-19,13776.42,10229.49,1.143
2023-01-20,8355.72,11680.98,-0.675
2023-01-21,10691.63,12767.32,-1.811
2023-01-22,10865.81,11779.99,-0.934
2023-01-23,11838.35,11814.14,0.283
2023-01-24,13523.16,10577.0,0.952
2023-01-25,11978.68,10147.79,1.588
2023-01-26,12580.01,10027.26,1.326
2023-01-27,12900.36,11027.03,1.579
2023-01-28,13455.64,10460.9,1.654
2023-01-29,11857.6,9127.37,1.543
2023-01-30,11683.81,10402.19,0.048
2023-01-31,7235.6,10279.01,-0.386
2023-02-01,11934.85,10827.78,-1.503
2023-02-02,9740.76,12710.81,-1.006
2023-02-03,10534.61,11861.97,-1.779
2023-02-04,10662.84,12697.66,-0.995
2023-02-05,12171.2,12034.65,-0.537
2023-02-06,11547.26,10986.47,0.114
2023-02-07,10716.74,10098.98,-0.623
2023-02-08,8149.52,10880.53,-1.661
2023-02-09,8251.12,11436.96,-1.806
2023-02-10,12307.99,12502.11,-1.598
2023-02-11,12044.44,14435.37,-1.11
2023-02-12,10975.21,12269.44,-1.371
2023-02-13,10275.77,11442.72,-0.703
2023-02-14,10594.1,10060.48,0.021
2023-02-15,12255.47,10704.39,-0.827
2023-02-16,6494.4,10867.41,-0.446
2023-02-17,13356.7,11446.19,-0.827
2023-02-18,13311.8,13352.23,0.003
2023-02-19,11379.25,12307.95,-0.481
2023-02-20,10799.52,10962.75,-0.144
2023-02-21,11565.06,10194.94,0.241
2023-02-22,11174.86,10599.13,0.138
2023-02-23,10759.31,11322.49,-0.421
2023-02-24,11181.05,12024.14,-0.194
2023-02-25,15928.47,14436.59,0.138
2023-02-26,13517.96,12566.37,-0.047
2023-02-27,9844.38,11543.69,-0.64
2023-02-28,9586.41,10553.69,-1.399
2023-03-01,10035.6,11919.49,-0.433
2023-03-02,14138.08,12178.33,0.177
2023-03-03,14584.95,12948.18,0.413
2023-03-04,13789.07,14465.35,0.003
2023-03-05,13106.93,13060.02,-0.573
2023-03-06,11294.68,12279.6,-0.664
2023-03-07,10697.99,11664.12,-1.332
2023-03-08,8470.15,10903.58,-1.551
2023-03-09,9673.58,11364.55,-1.89
2023-03-10,10738.64,13099.23,0.112
2023-03-11,19647.29,14127.45,0.121
2023-03-12,10291.77,11926.34,1.336
2023-03-13,12596.72,9537.69,-0.07
2023-03-14,8883.33,9759.41,1.465
2023-03-15,15252.18,10755.98,0.214
2023-03-16,9879.44,11803.29,-0.629
2023-03-17,9243.58,13539.58,-2.171
2023-03-18,12570.39,14550.39,-1.643
2023-03-19,13558.54,13627.93,-0.107
2023-03-20,14044.46,11507.59,-0.749
2023-03-21,7134.2,11854.47,-1.333
2023-03-22,9496.4,11722.78,-1.752
2023-03-23,13056.18,12142.15,-1.233
2023-03-24,11175.58,14150.38,-1.027
2023-03-25,14004.77,15670.82,-1.012
2023-03-26,13494.27,12539.32,-0.331
2023-03-27,12257.26,12083.63,0.153
2023-03-28,12182.7,11730.87,0.242
2023-03-29,12432.98,11142.13,0.646
2023-03-30,13140.99,11265.07,0.728
2023-03-31,14346.78,13389.35,0.593
2023-04-01,15861.14,14904.75,0.909
2023-04-02,16546.82,12936.35,0.63
2023-04-03,12438.83,12939.6,0.94
2023-04-04,14143.55,11935.34,0.199
2023-04-05,12996.71,12866.38,-0.172
2023-04-06,11071.16,13227.93,-0.585
2023-04-07,14268.81,13914.89,-0.529
2023-04-08,14494.64,14150.97,-0.051
2023-04-09,13116.75,13051.12,-0.504
2023-04-10,9926.13,11617.36,-0.069
2023-04-11,11908.84,9691.36,0.809
2023-04-12,13637.73,10087.33,1.353
2023-04-13,11486.32,10949.46,0.161
2023-04-14,11812.81,14316.43,-0.029
2023-04-15,18192.11,15367.09,-0.826
2023-04-16,10149.41,13360.23,-0.697
2023-04-17,9977.28,11778.8,-1.732
2023-04-18,10514.38,11588.82,-1.236
2023-04-19,10967.55,12177.65,-0.418
2023-04-20,12810.64,11365.95,0.492
2023-04-21,15683.18,12824.02,-0.295
2023-04-22,10460.19,15133.44,-0.595
2023-04-23,13192.74,13132.14,-1.081
2023-04-24,12044.38,11214.13,1.612
2023-04-25,18237.36,10902.71,1.871
2023-04-26,12517.27,11507.91,1.879
2023-04-27,12906.75,11898.56,-0.07
2023-04-28,12821.47,14208.05,-1.166
2023-04-29,11725.77,15667.37,-1.907
2023-04-30,10997.33,13304.45,-2.427
2023-05-01,10185.49,13582.96,-2.02
2023-05-02,12200.52,14307.27,-2.021
2023-05-03,11163.13,13502.04,-2.045
2023-05-04,10883.95,14517.2,-1.199
2023-05-05,15631.78,14159.37,0.11
2023-05-06,18517.11,14755.55,1.596
2023-05-07,17861.81,13673.28,0.881
2023-05-08,9955.82,12552.01,-0.149
2023-05-09,11333.1,12635.17,-0.505
2023-05-10,15047.99,12404.66,0.017
2023-05-11,11835.21,12171.44,0.262
2023-05-12,13032.5,13213.55,-0.41
2023-05-13,13644.76,14007.67,-0.378
2023-05-14,13074.98,13283.99,-0.83
2023-05-15,10363.43,12524.78,-1.032
2023-05-16,11241.73,12353.04,-0.898
2023-05-17,12976.65,12594.59,-0.675
2023-05-18,11631.71,12886.14,0.159
2023-05-19,16392.31,13815.12,-0.326
2023-05-20,12630.93,14475.85,-0.99
2023-05-21,9796.3,14119.25,-2.527
2023-05-22,9486.46,13222.87,-2.54
2023-05-23,10956.51,12476.72,-1.89
2023-05-24,10739.25,12336.71,-0.332
2023-05-25,15657.88,13055.7,-0.289
2023-05-26,12486.34,13832.28,1.538
2023-05-27,21791.31,14202.89,1.038
2023-05-28,13226.09,13265.91,1.466
2023-05-29,13208.13,12487.21,-0.095
2023-05-30,12212.36,12368.49,-0.761
2023-05-31,10385.72,13306.45,0.024
2023-06-01,16523.08,12392.53,0.16
2023-06-02,15360.37,14818.68,0.303
2023-06-03,13166.23,15306.87,-0.48
2023-06-04,13555.85,13242.95,-0.37
2023-06-05,13476.66,12374.55,0.442
2023-06-06,13530.07,12003.95,-0.656
2023-06-07,8279.08,12783.28,-1.406
2023-06-08,10944.36,12912.93,-1.112
2023-06-09,16522.28,13972.87,-0.606
2023-06-10,13010.51,15435.28,-0.271
2023-06-11,13207.89,13612.21,-0.079
2023-06-12,15032.77,11576.56,1.128
2023-06-13,14949.22,11862.74,1.595
2023-06-14,14353.09,12614.0,0.475
2023-06-15,12135.65,13824.82,-0.826
2023-06-16,11698.96,14526.21,-1.446
2023-06-17,14461.04,15705.75,-0.341
2023-06-18,17057.0,13608.4,0.164
2023-06-19,11325.18,11740.1,0.966
2023-06-20,13853.1,11547.01,0.236
2023-06-21,12188.58,12167.43,0.493
2023-06-22,14094.33,13282.48,0.735
2023-06-23,17753.77,14102.22,0.927
2023-06-24,16880.62,15544.88,0.386
2023-06-25,13162.51,15080.0,-0.93
2023-06-26,10592.63,13435.03,-1.379
2023-06-27,13052.54,13559.2,-1.485
2023-06-28,10825.55,12972.75,-1.859
2023-06-29,9756.41,14202.8,-0.932
2023-06-30,18079.86,14789.84,-0.376
2023-07-01,15506.23,15146.77,0.408
2023-07-02,14430.09,14888.13,-0.055
2023-07-03,13536.21,12669.7,-0.278
2023-07-04,12452.26,13161.02,-0.082
2023-07-05,12779.43,12355.98,-0.218
2023-07-06,13661.79,13397.74,0.303
2023-07-07,16720.92,14959.89,-0.461
2023-07-08,12561.1,15797.34,-0.474
2023-07-09,13990.8,13799.73,-0.9
2023-07-10,12914.47,13074.16,-0.56
2023-07-11,11711.83,13311.46,0.07
2023-07-12,15307.91,12269.05,0.663
2023-07-13,15897.97,13264.44,0.228
2023-07-14,10906.66,14517.83,-0.094
2023-07-15,17474.35,15908.38,-0.476
2023-07-16,14610.89,13853.71,0.19
2023-07-17,12500.34,12852.82,-0.38
2023-07-18,12367.95,13530.9,-0.417
2023-07-19,13211.31,12598.81,-0.037
2023-07-20,14062.72,12719.87,0.348
2023-07-21,14301.74,13677.53,-0.322
2023-07-22,12113.22,14584.53,-0.708
2023-07-23,11847.24,12235.03,-1.026
2023-07-24,10948.55,11562.74,-0.361
2023-07-25,12449.46,12062.94,0.157
2023-07-26,13577.33,11783.17,-0.072
2023-07-27,10989.95,12565.92,-0.828
2023-07-28,10496.78,13326.35,-0.905
2023-07-29,16271.17,14984.86,-0.549
2023-07-30,12532.27,12523.65,0.619
2023-07-31,15590.57,12902.66,0.268
2023-08-01,12206.44,12734.38,0.707
2023-08-02,15443.53,13306.98,0.016
2023-08-03,12627.9,13193.96,0.474
2023-08-04,16126.07,14400.61,0.258
2023-08-05,16978.68,15791.71,-0.057
2023-08-06,11834.59,13971.48,-0.387
2023-08-07,13649.94,13540.25,-0.397
2023-08-08,14251.79,13068.65,0.291
2023-08-09,14141.14,13088.08,0.197
2023-08-10,13389.72,13721.48,-0.058
2023-08-11,14807.71,14792.07,-0.757
2023-08-12,13136.69,15433.21,-0.246
2023-08-13,15535.26,13415.27,-0.508
2023-08-14,11809.95,13012.88,0.353
2023-08-15,14397.53,12705.29,-0.968
2023-08-16,9169.47,12909.86,-1.026
2023-08-17,11802.15,13262.17,-0.872
2023-08-18,16413.12,14157.63,0.524
2023-08-19,17197.33,14386.8,1.514
2023-08-20,16470.2,12783.24,1.757
2023-08-21,15379.46,12163.9,2.036
2023-08-22,15865.63,12048.26,1.041
2023-08-23,10767.51,12162.29,0.325
2023-08-24,13004.71,13039.28,-0.582
2023-08-25,14574.38,14804.67,0.002
2023-08-26,16471.9,15157.23,-0.45
2023-08-27,11241.7,13470.08,-0.65
2023-08-28,12310.41,13435.58,-0.968
2023-08-29,12940.42,12910.98,-0.075
2023-08-30,14099.73,12381.79,0.55
2023-08-31,14723.75,12982.95,-0.722
2023-09-01,9711.25,15482.29,-0.364
2023-09-02,18449.49,15149.68,-0.747
2023-09-03,12617.42,12684.89,0.871
2023-09-04,14804.26,12771.38,0.112
2023-09-05,12051.53,12566.5,0.232
2023-09-06,12798.59,12332.81,0.352
2023-09-07,15343.46,12764.06,0.237
2023-09-08,13165.0,14139.04,0.556
2023-09-09,16729.41,14590.11,-0.203
2023-09-10,12297.56,13414.37,-0.129
2023-09-11,12400.8,13030.51,-0.271
2023-09-12,14343.19,12855.11,-0.451
2023-09-13,11673.25,13597.15,-0.622
2023-09-14,12317.89,13724.3,-0.455
2023-09-15,17422.87,15242.15,0.989
2023-09-16,20653.08,15161.2,1.596
2023-09-17,14983.78,13078.94,0.996
2023-09-18,11940.85,13322.08,0.299
2023-09-19,14472.21,12643.12,-1.236
2023-09-20,8140.35,12964.51,-0.646
2023-09-21,14080.25,12974.42,-1.095
2023-09-22,14390.04,14591.02,0.144
2023-09-23,15277.26,14456.09,0.158
2023-09-24,13415.96,12266.34,0.272
2023-09-25,13225.92,12944.49,0.13
2023-09-26,12302.28,12220.77,-1.112
2023-09-27,8568.45,12720.9,-0.465
2023-09-28,15907.71,12927.55,-0.334
2023-09-29,15835.66,15222.86,-0.079
2023-09-30,12601.84,15533.67,-0.901
2023-10-01,12700.31,13697.03,-0.673
2023-10-02,16696.59,14998.29,-0.227
2023-10-03,11625.04,12392.42,-0.922
2023-10-04,9473.67,13606.16,-2.534
2023-10-05,8995.49,13617.69,-1.698
2023-10-06,17634.13,15587.6,-0.927
2023-10-07,15886.82,16843.23,-0.854
2023-10-08,9563.56,13847.07,-1.809
2023-10-09,11274.76,13375.04,-1.934
2023-10-10,11917.41,12841.31,-0.668
2023-10-11,13558.82,12524.77,0.195
2023-10-12,15210.82,13464.51,0.632
2023-10-13,17551.5,16151.58,0.185
2023-10-14,16050.89,17102.53,-0.135
2023-10-15,14045.77,13986.74,-0.183
2023-10-16,13751.9,12611.9,-0.401
2023-10-17,9422.58,11441.79,0.165
2023-10-18,14175.0,11680.49,0.811
2023-10-19,16747.06,12714.2,0.573
2023-10-20,12970.84,15763.42,-0.779
2023-10-21,12823.26,16847.24,-2.434
2023-10-22,10556.55,14169.47,-2.101
2023-10-23,11547.5,12383.63,-1.732
2023-10-24,9676.62,11478.28,-0.154
2023-10-25,14795.99,11907.63,0.493
2023-10-26,15036.88,13024.59,0.306
2023-10-27,12962.42,15415.07,-0.684
2023-10-28,14551.9,16419.67,-1.155
2023-10-29,13712.4,13989.89,-0.549
2023-10-30,14384.89,13879.8,-0.323
2023-10-31,12451.69,13188.51,-0.033
2023-11-01,14464.09,13395.33,-0.693
2023-11-02,12922.96,15490.28,0.012
2023-11-03,18322.26,15689.54,-0.158
2023-11-04,17584.8,17356.6,0.625
2023-11-05,15847.5,14173.65,0.146
2023-11-06,14447.0,14483.44,0.327
2023-11-07,13885.81,12916.41,-0.993
2023-11-08,9351.87,13810.61,-1.338
2023-11-09,13356.46,14918.87,-1.327
2023-11-10,16583.42,15838.81,-0.108
2023-11-11,18878.35,17496.89,-0.124
2023-11-12,11269.2,12936.31,0.292
2023-11-13,14966.59,12198.97,0.344
2023-11-14,12637.55,11306.38,1.016
2023-11-15,14522.64,13074.2,0.705
2023-11-16,16420.24,14888.7,0.397
2023-11-17,16682.57,16547.06,-0.068
2023-11-18,17398.61,18273.46,-0.128
2023-11-19,16483.33,15275.41,-1.255
2023-11-20,11115.27,16918.33,-1.473
2023-11-21,13936.85,15614.89,-1.863
2023-11-22,14990.25,15639.82,-1.494
2023-11-23,9200.25,12847.98,-0.341
2023-11-24,22231.89,18597.03,-0.014
2023-11-25,20058.72,18941.9,0.451
2023-11-26,16263.24,17007.01,-0.264
2023-11-27,16145.41,16808.26,-0.23
2023-11-28,12976.97,11653.98,0.19
2023-11-29,13464.37,12223.16,1.38
2023-11-30,17440.26,12699.37,0.967
2023-12-01,15081.21,15345.78,1.386
2023-12-02,21509.69,17316.4,0.919
2023-12-03,14512.28,12453.75,1.492
2023-12-04,15684.33,13059.72,0.674
2023-12-05,12702.88,13263.76,0.838
2023-12-06,16273.87,13333.92,0.681
2023-12-07,16721.95,14737.38,2.41
2023-12-08,25138.45,15602.93,3.27
2023-12-09,26808.86,17012.71,4.299
2023-12-10,24526.23,14837.44,4.088
2023-12-11,21683.97,14357.55,3.541
2023-12-12,18095.84,13631.03,2.279
2023-12-13,16652.15,14963.72,1.758
2023-12-14,20374.84,15833.85,1.705
2023-12-15,22698.38,17782.17,2.593
2023-12-16,26966.33,18450.66,2.487
2023-12-17,20135.53,16249.26,2.097
2023-12-18,16219.0,14751.92,1.174
2023-12-19,15859.09,13833.05,2.796
2023-12-20,25326.47,12670.93,4.344
2023-12-21,24197.27,13305.37,4.879
2023-12-22,19650.39,13866.28,3.214
2023-12-23,17336.43,14948.94,2.516
2023-12-24,16985.22,11071.17,0.53
2023-12-25,4370.22,9463.87,0.511
2023-12-26,13931.67,11836.51,-0.879
2023-12-27,13920.87,13585.17,0.455
2023-12-28,15806.71,15062.25,0.583
2023-12-29,20887.8,17728.38,0.578
2023-12-30,18880.82,18237.33,1.384
2023-12-31,17755.64,12434.73,0.488
2024-01-01,8840.5,11365.6,0.073
2024-01-02,13207.19,14717.3,-0.107
2024-01-03,18579.73,14053.98,0.418
2024-01-04,15649.98,15454.04,0.097
2024-01-05,14200.3,17291.92,-0.79
2024-01-06,17679.19,17882.03,-0.494
2024-01-07,19106.31,17389.82,0.226
2024-01-08,16740.43,15766.01,1.11
2024-01-09,17115.45,12662.39,0.945
2024-01-10,14367.14,13960.32,0.775
2024-01-11,15428.68,15383.17,-0.804
2024-01-12,14382.79,17831.19,-0.265
2024-01-13,21548.09,18431.91,-0.443
2024-01-14,14534.33,15480.38,0.386
2024-01-15,14320.01,13281.72,-0.579
2024-01-16,9839.05,11589.2,-0.866
2024-01-17,11306.97,13399.6,-2.096
2024-01-18,11201.37,15338.45,-2.033
2024-01-19,14931.81,17282.22,-1.306
2024-01-20,17321.64,16430.7,-0.314
2024-01-21,14867.59,13936.36,1.14
2024-01-22,17926.82,12774.94,0.931
2024-01-23,12465.38,13066.47,0.191
2024-01-24,11172.75,13854.57,-1.989
2024-01-25,10372.8,14861.47,-2.261
2024-01-26,13568.66,15691.22,-1.517
2024-01-27,16619.94,16393.66,-1.683
2024-01-28,8807.37,13947.88,-1.797
2024-01-29,10852.1,13152.38,-1.778
2024-01-30,11761.56,10720.11,-0.536
2024-01-31,11358.54,11422.91,0.426
2024-02-01,14219.0,12499.7,0.963
2024-02-02,18753.02,14869.62,0.278
2024-02-03,13512.63,16640.88,0.012
2024-02-04,13780.67,13397.53,0.282
2024-02-05,16300.02,11183.73,0.935
2024-02-06,10261.6,10734.67,1.589
2024-02-07,13216.73,10274.92,1.499
2024-02-08,15333.1,10704.04,1.312
2024-02-09,11934.03,12918.57,0.444
2024-02-10,15075.27,15667.33,0.692
2024-02-11,18969.4,12952.2,0.842
2024-02-12,11086.81,11448.27,0.705
2024-02-13,9191.92,10874.6,-0.487
2024-02-14,12229.81,11267.38,-0.351
2024-02-15,12150.57,11984.15,0.411
2024-02-16,14726.76,13126.43,0.66
2024-02-17,17992.53,15554.2,0.864
2024-02-18,14337.36,13036.08,0.652
2024-02-19,11916.93,11534.26,0.436
2024-02-20,12102.18,10992.3,0.138
2024-02-21,11697.41,11737.67,-0.179
2024-02-22,11368.59,12294.76,-0.776
2024-02-23,12522.94,13967.49,-0.103
2024-02-24,19243.78,16340.53,0.727
2024-02-25,16867.78,13512.92,0.965
2024-02-26,12731.29,12996.13,-0.288
2024-02-27,8266.47,11685.65,-0.47
2024-02-28,14541.71,11942.48,-1.132
2024-02-29,9876.74,12811.84,-0.027
2024-03-01,16418.43,15222.93,-0.176
2024-03-02,20337.19,18404.57,0.679
2024-03-03,16765.19,14941.88,-0.477
2024-03-04,10738.25,15901.85,-0.363
2024-03-05,15502.22,12888.85,-0.89
2024-03-06,12149.99,12688.51,0.036
2024-03-07,12367.21,13313.6,-0.841
2024-03-08,13231.12,14570.33,0.519
2024-03-09,23043.38,16973.36,0.746
2024-03-10,14754.05,14380.17,1.847
2024-03-11,16613.26,12041.52,-0.724
2024-03-12,4008.11,11130.21,-2.866
2024-03-13,4345.0,11486.61,-4.159
2024-03-14,12574.38,11928.06,-1.442
2024-03-15,15067.96,13585.66,0.32
2024-03-16,15783.09,15369.58,0.401
2024-03-17,14341.15,13230.25,0.4
2024-03-18,14615.8,13161.18,0.63
2024-03-19,13064.63,11767.8,0.636
2024-03-20,12315.84,11325.25,0.736
2024-03-21,13889.84,12074.88,0.31
2024-03-22,14192.75,14640.65,0.776
2024-03-23,19706.88,16091.46,0.609
2024-03-24,15314.2,14208.16,1.161
2024-03-25,14882.63,12551.9,0.974
2024-03-26,13687.32,11582.86,1.169
2024-03-27,13673.18,11902.1,0.492
2024-03-28,12265.29,13038.63,0.825
2024-03-29,18299.6,14387.55,1.323
2024-03-30,20205.98,15404.77,0.507
2024-03-31,9168.2,14217.87,0.354
2024-04-01,16490.72,13426.07,-0.655
2024-04-02,13817.05,13870.69,-0.275
2024-04-03,10984.78,14283.38,0.211
2024-04-04,20333.04,14887.35,0.024
2024-04-05,15965.08,16886.08,-0.046
2024-04-06,15271.04,18867.69,-1.46
2024-04-07,13545.39,15611.68,-1.111
2024-04-08,14615.94,13511.29,-0.4
2024-04-09,13066.22,12986.98,-0.933
2024-04-10,9426.5,13819.11,-1.972
2024-04-11,11098.32,14404.36,-2.158
2024-04-12,14275.87,15305.28,-0.909
2024-04-13,19694.8,18960.0,-0.387
2024-04-14,14954.38,15600.7,-0.536
2024-04-15,12658.88,14454.7,-0.903
2024-04-16,12696.23,13526.9,-1.008
2024-04-17,12821.25,13826.45,-0.556
2024-04-18,14751.2,14512.98,-1.028
2024-04-19,13676.43,16867.02,-1.395
2024-04-20,15350.15,18513.02,-1.687
2024-04-21,12815.17,13916.53,-1.218
2024-04-22,12005.84,12563.4,-0.074
2024-04-23,14522.22,12238.23,0.219
2024-04-24,12800.27,12612.44,0.337
2024-04-25,14120.63,14069.67,0.08
2024-04-26,17510.7,16309.62,-0.209
2024-04-27,16573.84,17804.77,0.149
2024-04-28,15309.94,13355.6,0.362
2024-04-29,15801.66,13578.91,0.68
2024-04-30,13312.04,13225.76,1.276
2024-05-01,17686.6,12774.53,0.428
2024-05-02,13296.93,15207.56,1.031
2024-05-03,18338.37,14981.48,0.154
2024-05-04,18677.99,18142.17,0.767
2024-05-05,17373.77,15777.41,0.399
2024-05-06,16409.69,15156.76,0.13
2024-05-07,13855.1,14931.58,-0.275
2024-05-08,14068.39,14549.8,-0.014
2024-05-09,17799.7,15239.97,-0.447
2024-05-10,12574.87,15828.24,-0.361
2024-05-11,17382.9,17473.62,-0.298
2024-05-12,16586.06,13678.08,0.044
2024-05-13,12239.4,13752.92,-0.669
2024-05-14,10270.44,13753.36,-0.473
2024-05-15,17586.07,13792.61,0.984
2024-05-16,20155.68,14464.19,2.179
2024-05-17,19211.54,15604.21,0.84
2024-05-18,13607.79,17153.38,0.411
2024-05-19,17904.7,14610.36,0.512
2024-05-20,17906.23,13857.07,0.759
2024-05-21,11205.03,13707.68,-0.269
2024-05-22,12111.95,13922.04,-0.88
2024-05-23,15605.61,14369.75,0.091
2024-05-24,17667.4,15579.63,1.776
2024-05-25,25828.17,17728.15,2.329
2024-05-26,19698.23,14800.63,2.557
2024-05-27,18185.17,14792.32,1.119
2024-05-28,13502.94,14779.78,0.226
2024-05-29,14430.28,14344.68,-0.04
2024-05-30,16767.53,14717.46,1.11
2024-05-31,20592.28,15713.87,0.23
2024-06-01,15210.34,19666.15,-1.111
2024-06-02,12429.22,17807.71,-1.812
2024-06-03,16305.55,14923.84,0.196
2024-06-04,20152.63,14000.44,0.58
2024-06-05,11121.16,14640.32,0.065
2024-06-06,14778.47,16006.19,-1.278
2024-06-07,16684.63,17298.08,-0.861
2024-06-08,17725.17,19474.59,-0.835
2024-06-09,15853.49,16995.68,-0.225
2024-06-10,17315.41,14487.69,0.967
2024-06-11,19057.61,14404.06,0.974
2024-06-12,13949.05,15248.48,-0.321
2024-06-13,12401.09,16304.03,-1.369
2024-06-14,16807.58,17508.94,-0.841
2024-06-15,20390.37,19287.73,0.091
2024-06-16,18149.83,16772.81,0.252
2024-06-17,14317.9,14192.91,-0.356
2024-06-18,12009.92,14227.16,-1.272
2024-06-19,12032.95,14856.93,-0.553
2024-06-20,19136.57,15770.34,0.403
2024-06-21,20125.56,17324.36,0.945
2024-06-22,19544.45,18844.58,0.858
2024-06-23,18676.04,15845.17,0.065
2024-06-24,11651.56,13683.98,0.144
2024-06-25,15484.15,14495.42,-0.278
2024-06-26,15968.81,15240.86,0.069
2024-06-27,15873.39,16134.91,0.224
2024-06-28,19668.32,17736.3,0.021
2024-06-29,18524.95,18846.53,0.603
2024-06-30,18786.01,15612.55,-0.722
2024-07-01,10443.18,16033.8,0.199
2024-07-02,19654.18,15067.94,-0.258
2024-07-03,15618.13,14842.66,0.895
2024-07-04,17456.64,16800.83,0.185
2024-07-05,19702.4,18904.06,0.369
2024-07-06,21607.29,19522.83,0.018
2024-07-07,16523.9,18000.65,0.333
2024-07-08,17542.77,14973.54,0.207
2024-07-09,15551.55,14405.9,0.497
2024-07-10,14993.04,15069.02,-0.75
2024-07-11,13501.03,17278.51,-1.601
2024-07-12,14827.88,18159.97,-1.017
2024-07-13,21234.81,18637.18,-0.727
2024-07-14,15303.75,17501.84,-0.056
2024-07-15,15195.66,14716.05,-0.503
2024-07-16,14705.82,14466.28,-0.155
2024-07-17,14534.25,14963.69,-0.912
2024-07-18,12762.2,15995.34,-1.282
2024-07-19,15233.4,16945.96,-1.421
2024-07-20,16171.03,17525.05,-1.64
2024-07-21,11960.94,16303.01,-2.346
2024-07-22,10123.08,14799.54,-2.557
2024-07-23,12677.55,14361.59,-1.806
2024-07-24,13372.32,14251.75,-1.216
2024-07-25,13424.51,15606.71,-2.196
2024-07-26,10744.18,17121.56,-1.966
2024-07-27,17569.92,17971.0,-2.671
2024-07-28,10677.04,16206.54,-1.83
2024-07-29,13021.42,15235.97,-1.342
2024-07-30,17055.93,14820.82,0.164
2024-07-31,16512.74,14618.65,1.283
2024-08-01,17873.84,14173.82,0.889
2024-08-02,16312.73,16109.92,1.479
2024-08-03,22346.36,16764.01,1.675
2024-08-04,20212.49,15140.21,2.027
2024-08-05,16395.33,14347.41,0.94
2024-08-06,12722.38,13925.53,0.043
2024-08-07,14474.9,14078.92,0.847
2024-08-08,21118.73,14938.1,1.346
2024-08-09,19017.48,17052.3,1.269
2024-08-10,18039.54,17597.31,0.735
2024-08-11,18625.73,15608.57,0.823
2024-08-12,16057.3,13873.46,0.668
2024-08-13,13230.64,13960.76,0.743
2024-08-14,17176.67,13914.67,0.945
2024-08-15,17804.45,14500.8,1.313
2024-08-16,18279.12,16638.83,0.632
2024-08-17,17585.8,17819.5,0.061
2024-08-18,15696.57,15589.1,0.296
2024-08-19,16448.51,13614.18,0.34
2024-08-20,13331.99,13543.55,0.814
2024-08-21,15718.19,13372.12,0.919
2024-08-22,17526.75,14105.95,1.026
2024-08-23,17341.81,16642.24,0.418
2024-08-24,16524.78,17218.62,-0.102
2024-08-25,16347.78,15747.82,-0.065
2024-08-26,15070.16,14201.25,0.375
2024-08-27,15665.79,14153.84,0.947
2024-08-28,17889.89,14385.89,0.921
2024-08-29,15337.04,14568.45,0.556
2024-08-30,15900.25,16171.33,0.141
2024-08-31,18528.86,17130.36,-0.514
2024-09-01,13080.07,15800.95,-0.776
2024-09-02,15544.86,17224.15,-2.1
2024-09-03,10488.15,15315.89,-1.125
2024-09-04,16915.8,14996.36,-1.997
2024-09-05,10529.39,16100.85,-0.726
2024-09-06,18729.81,17762.23,-1.699
2024-09-07,15157.33,18436.76,-0.712
2024-09-08,15917.17,16377.06,-1.475
2024-09-09,12107.22,14848.86,-1.018
2024-09-10,14149.72,14920.33,-0.326
2024-09-11,19201.8,16262.74,0.944
2024-09-12,20112.02,15939.63,1.02
2024-09-13,18077.39,18046.12,0.929
2024-09-14,22008.15,19302.98,-0.053
2024-09-15,15270.41,17064.6,0.243
2024-09-16,15156.51,13532.64,0.263
2024-09-17,15853.59,13292.67,1.368
2024-09-18,16629.9,13067.4,1.067
2024-09-19,15364.46,15112.0,0.941
2024-09-20,18948.19,16682.61,0.664
2024-09-21,19912.42,17507.01,0.763
2024-09-22,14477.24,13767.83,0.794
2024-09-23,15352.17,13229.97,0.077
2024-09-24,10750.48,12254.97,0.974
2024-09-25,16623.97,11818.14,1.106
2024-09-26,15919.71,13165.23,1.777
2024-09-27,17713.79,15274.0,0.558
2024-09-28,16045.73,17194.13,0.903
2024-09-29,18788.9,14037.43,1.638
2024-09-30,20643.82,14096.79,1.637
2024-10-01,14659.82,16023.98,-0.626
2024-10-02,9948.02,17249.66,-1.835
2024-10-03,16685.88,16195.85,-2.342
2024-10-04,15525.26,19871.96,-1.615
2024-10-05,16561.4,20685.33,-2.175
2024-10-06,15160.76,17861.76,-1.903
2024-10-07,14412.83,16912.82,-1.686
2024-10-08,13112.85,15478.01,-0.842
2024-10-09,17060.32,15416.03,0.0
2024-10-10,18676.76,16823.28,0.244
2024-10-11,21102.67,21885.55,0.175
2024-10-12,22062.21,20649.08,-0.292
2024-10-13,16507.59,17635.55,-0.335
2024-10-14,14791.1,15778.16,-0.214
2024-10-15,17179.27,15069.86,-0.45
2024-10-16,13194.05,15518.34,-1.27
2024-10-17,12493.63,17624.92,-2.882
2024-10-18,14410.54,20747.55,-1.927
2024-10-19,21368.37,19714.44,-0.792
2024-10-20,17553.13,16287.37,0.284
2024-10-21,15442.94,15518.62,-0.57
2024-10-22,11799.87,14801.11,-1.614
2024-10-23,11864.49,15488.71,-2.387
2024-10-24,13131.26,16785.27,-2.38
2024-10-25,15835.13,19652.76,-1.99
2024-10-26,17199.55,19576.83,-1.394
2024-10-27,16440.64,16980.76,-0.638
2024-10-28,17061.55,16530.31,-0.443
2024-10-29,14972.51,16199.26,-0.385
2024-10-30,16309.17,16529.97,-0.745
2024-10-31,15804.87,17187.7,0.452
2024-11-01,22532.9,17137.85,0.587
2024-11-02,21090.41,20243.13,0.779
2024-11-03,16390.81,16603.6,1.123
2024-11-04,23836.13,16330.47,1.11
2024-11-05,14100.26,14097.73,1.258
2024-11-06,15007.28,14627.48,0.317
2024-11-07,18015.92,15700.88,1.667
2024-11-08,26347.01,18151.72,1.167
2024-11-09,17833.36,19847.76,1.085
2024-11-10,18826.06,16897.95,-0.48
2024-11-11,14665.95,16084.33,-1.019
2024-11-12,9896.31,14474.38,-1.564
2024-11-13,15601.53,16187.05,-1.902
2024-11-14,14181.03,17295.1,-0.0
2024-11-15,23794.11,18875.24,0.677
2024-11-16,23917.32,20148.43,1.848
2024-11-17,22376.01,17430.63,0.905
2024-11-18,14437.72,16330.86,0.954
2024-11-19,18576.87,15046.88,-0.296
2024-11-20,13433.24,15496.59,0.26
2024-11-21,17494.99,16450.39,0.441
2024-11-22,23449.56,18713.96,1.323
2024-11-23,23916.53,19967.11,0.856
2024-11-24,15398.73,17364.33,0.178
2024-11-25,17058.71,16724.22,-0.158
2024-11-26,17671.02,15737.3,-0.244
2024-11-27,14646.87,17081.17,-0.833
2024-11-28,10991.26,13587.73,1.115
2024-11-29,34003.44,21060.93,1.407
2024-11-30,20059.36,20153.99,1.078
2024-12-01,17259.32,21146.59,0.022
2024-12-02,22522.0,17068.77,-0.821
2024-12-03,10268.94,15243.12,0.386
2024-12-04,17925.13,15182.14,-0.575
2024-12-05,16872.41,16484.87,-0.506
2024-12-06,18419.55,23249.96,-1.509
2024-12-07,20030.23,23729.75,-0.917
2024-12-08,24344.42,20600.55,0.92
2024-12-09,23351.79,15818.27,2.442
2024-12-10,20897.96,15363.37,3.395
2024-12-11,24855.44,15840.68,3.225
2024-12-12,24583.87,17616.09,2.755
2024-12-13,28494.57,23773.59,2.681
2024-12-14,34521.06,23773.59,1.936
2024-12-15,23979.87,22356.04,2.303
2024-12-16,24985.97,18357.64,1.907
2024-12-17,23429.05,17295.59,3.481
2024-12-18,28391.6,16479.95,3.132
2024-12-19,21877.61,18046.81,2.74
2024-12-20,25512.51,21141.15,2.513
2024-12-21,32122.48,20777.61,3.627
2024-12-22,33332.21,19470.24,4.158
2024-12-23,20786.33,14580.87,4.279
2024-12-24,14293.4,8089.35,2.032
2024-12-25,6740.7,9511.72,1.79
2024-12-26,21259.85,15926.56,-0.38
2024-12-27,22420.74,25905.85,-0.287
2024-12-28,23210.5,25570.4,-1.904
2024-12-29,16922.03,23058.02,-2.046
2024-12-30,13858.75,16925.87,-0.483
2024-12-31,20097.95,12405.14,0.689
2025-01-01,10363.09,10689.78,1.847
2025-01-02,19738.18,16792.39,0.806
2025-01-03,21198.32,18387.77,1.272
2025-01-04,23250.58,19661.21,0.724
2025-01-05,17819.95,18333.93,0.444
2025-01-06,16606.69,15763.73,0.559
2025-01-07,18816.04,14855.66,0.948
2025-01-08,18565.54,16955.1,0.649
2025-01-09,15665.69,16482.81,0.578
2025-01-10,22779.19,18926.73,0.391
2025-01-11,20927.2,20261.65,0.737
2025-01-12,18869.55,17400.09,1.007
2025-01-13,20886.73,15615.34,1.565
2025-01-14,16859.05,13654.84,1.987
2025-01-15,16788.59,13549.49,1.023
2025-01-16,13770.17,14091.0,1.063
2025-01-17,20918.24,17094.45,0.753
2025-01-18,22136.46,20024.93,0.952
2025-01-19,18258.61,17041.13,-0.134
2025-01-20,12905.91,15780.68,0.877
2025-01-21,21823.94,14218.98,0.317
2025-01-22,12811.84,14826.35,1.628
2025-01-23,18550.28,14386.31,0.818
2025-01-24,19323.14,16031.76,1.105
2025-01-25,17015.45,17138.56,0.225
2025-01-26,14661.04,15444.18,0.263
2025-01-27,18633.82,15167.02,0.395
2025-01-28,13978.4,13571.49,0.042
2025-01-29,11561.76,14190.0,-0.9
2025-01-30,13893.18,14874.42,-0.636
2025-01-31,18049.26,16542.8,0.314
2025-02-01,22375.21,19892.62,0.533
2025-02-02,19385.8,18808.87,-0.583
2025-02-03,12152.07,17393.32,-1.602
2025-02-04,12833.16,15499.1,-2.667
2025-02-05,11499.73,15270.61,-2.191
2025-02-06,13928.94,17040.24,-2.703
2025-02-07,14017.93,19733.31,-1.915
2025-02-08,18952.98,19645.71,-0.903
2025-02-09,20216.32,17890.13,-0.074
2025-02-10,15811.2,16626.45,-0.965
2025-02-11,10568.76,16085.9,-1.004
2025-02-12,16638.85,14267.84,-0.433
2025-02-13,17901.91,15870.79,-0.122
2025-02-14,15054.86,18963.52,-0.915
2025-02-15,18302.92,20457.09,-1.315
2025-02-16,16982.88,17269.8,-0.763
2025-02-17,15223.55,15884.65,-0.159
2025-02-18,15419.63,14189.5,-0.307
2025-02-19,13933.64,14972.68,-0.505
2025-02-20,14565.55,16209.81,-0.735
2025-02-21,19111.21,19230.91,-1.051
2025-02-22,17376.72,20437.45,-1.675
2025-02-23,13233.92,18532.92,-1.946
2025-02-24,14978.18,16108.16,-1.105
2025-02-25,16530.62,14734.96,0.067
2025-02-26,15875.46,15091.87,0.911
2025-02-27,18667.01,15305.09,0.81
2025-02-28,19588.03,18034.21,0.875
2025-03-01,22083.84,20386.21,0.151
2025-03-02,19011.64,19965.48,-0.011
2025-03-03,16698.29,16208.49,-0.005
2025-03-04,17278.0,15634.76,0.14
2025-03-05,15823.99,16066.76,0.587
2025-03-06,20403.45,17345.9,0.045
2025-03-07,18432.44,19748.98,0.38
2025-03-08,23608.84,21559.43,-0.959
2025-03-09,14184.47,19552.19,-0.42
2025-03-10,18298.09,16228.02,-0.607
2025-03-11,16395.38,15244.54,0.339
2025-03-12,13930.15,14276.33,-0.561
2025-03-13,12972.47,15497.0,-1.12
2025-03-14,17345.24,19148.48,-2.469
2025-03-15,13688.71,21663.37,-1.757
2025-03-16,19264.29,18559.97,-1.572
2025-03-17,15870.39,16331.3,-0.496
2025-03-18,14552.21,16352.64,-0.286
2025-03-19,19180.08,17311.61,-0.319
2025-03-20,17300.6,17955.46,0.59
2025-03-21,21703.8,18120.94,-0.134
2025-03-22,17333.1,19783.12,0.37
2025-03-23,20180.08,17743.5,-0.239
2025-03-24,15466.89,15602.11,0.124
2025-03-25,15643.31,16090.45,-0.782
2025-03-26,14146.55,16501.95,-0.337
2025-03-27,19417.27,17286.45,-0.262
2025-03-28,19541.78,19598.79,-0.004
2025-03-29,20040.46,20814.18,-1.128
2025-03-30,12556.13,17103.09,-0.474
2025-03-31,19962.45,16140.3,-1.148
2025-04-01,13236.62,17462.03,-0.478
2025-04-02,16867.71,17925.0,-0.972
2025-04-03,19206.66,18161.27,-0.249
2025-04-04,19560.66,19760.48,0.68
2025-04-05,25902.16,20942.81,1.058
2025-04-06,21343.58,17750.25,0.879
2025-04-07,14739.14,16503.54,0.337
2025-04-08,16847.29,15604.21,-0.396
2025-04-09,15278.97,15709.45,0.752
2025-04-10,21082.5,16582.92,1.238
2025-04-11,22428.13,18003.57,0.896
2025-04-12,17091.98,19255.13,-0.003
2025-04-13,16466.95,17479.8,0.043
2025-04-14,20470.2,15820.99,1.642
2025-04-15,23095.11,15874.03,2.579
2025-04-16,20418.55,15725.72,2.311
2025-04-17,19401.02,16381.25,1.868
2025-04-18,22529.82,17787.34,2.436
2025-04-19,27725.48,18489.91,2.319
2025-04-20,19119.06,16826.12,1.84
2025-04-21,17348.47,16269.22,0.059
2025-04-22,14463.26,16343.45,-0.068
2025-04-23,18103.51,16513.4,-0.499
2025-04-24,16037.31,17292.67,-0.726
2025-04-25,16097.35,19306.94,-0.788
2025-04-26,20745.58,19647.09,-0.503
2025-04-27,18816.49,18452.76,0.065
2025-04-28,17003.56,16807.42,0.458
2025-04-29,19087.16,15804.43,0.691
2025-04-30,16901.94,15406.08,0.091
2025-05-01,16416.96,19490.23,-1.479
2025-05-02,16108.08,21773.88,-1.29
2025-05-03,23550.17,21585.67,-1.095
2025-05-04,18623.76,20598.81,-0.185
2025-05-05,17456.45,17264.95,-0.567
2025-05-06,16967.87,17244.42,-0.008
2025-05-07,18875.61,17623.49,-0.211
2025-05-08,18127.8,19089.21,0.275
2025-05-09,23771.41,20995.49,0.588
2025-05-10,24790.02,21238.14,0.667
2025-05-11,19401.78,19759.82,-0.223
2025-05-12,12977.06,16229.26,-1.214
2025-05-13,14449.16,16253.59,-0.813
2025-05-14,18695.26,16790.35,-0.309
2025-05-15,17306.6,17936.63,-0.525
2025-05-16,16937.03,20020.55,-0.923
2025-05-17,20542.62,21139.58,-0.554
2025-05-18,21726.92,20215.72,0.099
2025-05-19,18115.11,17062.01,0.375
2025-05-20,17738.72,16789.05,0.551
2025-05-21,18372.71,16068.0,1.368
2025-05-22,22503.38,16578.27,1.003
2025-05-23,17338.11,18435.25,0.69
2025-05-24,19053.08,18458.57,0.273
2025-05-25,22150.86,18687.72,0.419
2025-05-26,16903.53,17162.25,0.145
2025-05-27,16296.96,17409.93,-0.144
2025-05-28,18842.88,17080.53,-0.187
2025-05-29,17864.88,18363.57,-0.669
2025-05-30,16087.67,20006.0,-0.52
2025-05-31,22773.92,20238.51,-0.563
2025-06-01,20137.0,20975.67,0.273
2025-06-02,19474.29,18049.13,-0.325
2025-06-03,15963.03,17219.04,-1.121
2025-06-04,13090.56,18294.58,-1.248
2025-06-05,19298.48,18591.58,-0.136
2025-06-06,25027.46,20062.26,0.549
2025-06-07,20461.72,21148.08,0.958
2025-06-08,24142.19,20413.2,0.366
2025-06-09,18219.88,17541.7,0.05
2025-06-10,14376.35,17209.23,-0.019
2025-06-11,20968.6,17703.36,-0.337
2025-06-12,17484.8,18627.71,0.105
2025-06-13,19402.8,19593.88,-0.417
2025-06-14,20606.85,20528.84,-0.588
2025-06-15,17888.48,20120.74,-0.867
2025-06-16,14744.54,16453.43,-1.091
2025-06-17,15712.3,16620.94,0.297
2025-06-18,22241.76,16782.35,0.216
2025-06-19,15590.65,17709.3,0.061
2025-06-20,17729.95,19455.41,-0.73
2025-06-21,21777.11,21056.45,-1.189
2025-06-22,15843.26,20884.14,-1.15
2025-06-23,14844.53,16069.01,-1.576
2025-06-24,15561.08,16720.86,-0.747
2025-06-25,16426.97,16873.79,0.455
2025-06-26,23391.78,17934.99,1.169
2025-06-27,23601.35,19966.98,1.023
2025-06-28,19201.15,20222.55,0.245
2025-06-29,19634.49,19303.66,-0.833
2025-06-30,13766.8,16697.06,-0.218
2025-07-01,17977.04,15405.17,-0.178
2025-07-02,18155.35,17602.99,1.003
2025-07-03,23215.63,19090.74,0.323
2025-07-04,20040.63,21331.98,-0.081
2025-07-05,20056.02,22016.84,-0.958
2025-07-06,19575.26,21184.38,-0.39
2025-07-07,20298.02,17854.29,-0.11
2025-07-08,16762.84,16977.01,0.342
2025-07-09,18651.62,17649.8,-0.559
2025-07-10,16381.51,19143.27,-0.206
2025-07-11,22800.46,20994.84,0.134
2025-07-12,23275.32,20072.31,0.807
2025-07-13,20598.87,18839.64,0.703
2025-07-14,16288.99,15658.57,-0.188
2025-07-15,14075.65,16327.34,-0.239
2025-07-16,18622.19,17138.14,-0.091
2025-07-17,19506.49,18048.46,0.401
2025-07-18,21245.63,20427.28,0.203
2025-07-19,19417.75,19095.8,-0.01
2025-07-20,17157.57,17056.54,-0.155
2025-07-21,14639.1,14737.55,0.322
2025-07-22,17692.4,14864.81,1.199
2025-07-23,19909.76,15129.17,1.145
2025-07-24,15553.03,15817.67,0.378
2025-07-25,15865.31,17167.24,-0.561
2025-07-26,17644.66,17974.06,0.611
2025-07-27,22110.69,15745.13,1.312
2025-07-28,16734.24,14162.21,1.432
2025-07-29,15929.57,15864.6,0.241
2025-07-30,15577.23,15852.13,-0.717
2025-07-31,16461.95,18970.66,-0.804
2025-08-01,19519.15,20129.14,-0.778
2025-08-02,22820.03,23310.63,-0.528
2025-08-03,19981.05,20968.44,-0.665
2025-08-04,17028.99,18467.97,-1.076
2025-08-05,15143.93,17780.86,-1.721
2025-08-06,14168.31,18371.38,-1.443
2025-08-07,19587.28,19710.29,-0.833
2025-08-08,22773.77,22290.45,0.288
2025-08-09,25687.87,22589.41,0.361
2025-08-10,21566.56,21099.33,0.353
2025-08-11,18206.56,18001.0,0.031
2025-08-12,17378.19,16578.39,-0.418
2025-08-13,15817.53,17974.85,-0.575
2025-08-14,18446.08,19149.27,-0.598
2025-08-15,21189.71,20654.89,0.154
2025-08-16,23325.73,20769.34,0.333
2025-08-17,19989.93,19487.1,0.572
2025-08-18,18699.82,16813.48,-0.183
2025-08-19,15102.99,17314.39,-0.378
2025-08-20,17468.13,18067.08,-1.831
2025-08-21,12990.32,18988.92,-0.581
2025-08-22,24419.34,20024.54,-1.436
2025-08-23,14611.88,20286.45,0.547
2025-08-24,25118.89,18903.76,-0.194
2025-08-25,16248.64,16673.32,0.508
2025-08-26,15577.1,17126.7,-1.082
2025-08-27,15270.72,17991.79,-0.704
2025-08-28,20199.66,18711.01,0.025
2025-08-29,21980.27,19306.84,-0.549
2025-08-30,13861.89,20065.89,-0.695
2025-08-31,18406.66,17747.05,-1.119
2025-09-01,17495.0,17076.31,0.513
2025-09-02,20643.4,17477.48,0.601
2025-09-03,18135.27,16998.19,0.821
2025-09-04,20154.98,18281.25,0.546
2025-09-05,20564.11,18988.94,0.477
2025-09-06,21163.99,20256.53,0.165
2025-09-07,19611.84,19691.62,-0.91
2025-09-08,12936.78,17925.79,-1.595
2025-09-09,15078.94,17723.35,-0.874
2025-09-10,22433.82,18541.99,0.046
2025-09-11,20007.35,19685.35,0.832
2025-09-12,23387.67,20753.02,-0.106
2025-09-13,19364.67,21617.37,-0.288
2025-09-14,19101.57,19971.09,-1.252
2025-09-15,14587.32,17697.81,-0.827
2025-09-16,18434.74,18014.49,-2.43
2025-09-17,9667.69,18759.9,-2.71
2025-09-18,15036.23,19916.55,-3.358
2025-09-19,17533.0,20858.58,-1.811
2025-09-20,19085.64,20496.87,-1.938
2025-09-21,13792.68,19290.87,-1.259
2025-09-22,18091.99,17257.6,-1.839
2025-09-23,12838.27,16902.6,-0.928
2025-09-24,16915.67,17574.42,-1.823
2025-09-25,14772.36,18655.63,-2.104
2025-09-26,13475.16,19284.66,-1.408
2025-09-27,22072.74,19296.41,-1.02
2025-09-28,17914.78,19698.97,-0.709
2025-09-29,15034.88,19015.38,-0.847
2025-09-30,19695.43,17639.86,-0.258
2025-10-01,18656.81,16988.53,1.582
2025-10-02,24839.48,17566.38,0.909
2025-10-03,16447.86,18619.78,1.524
2025-10-04,25024.23,19008.98,1.485
2025-10-05,24055.21,17124.29,2.17
2025-10-06,20643.64,18112.28,2.009
2025-10-07,21632.34,17169.58,1.336
2025-10-08,19424.76,17014.94,1.887
2025-10-09,24712.35,18447.63,1.117
2025-10-10,20048.87,20295.26,0.311
2025-10-11,19641.01,22211.05,-0.555
2025-10-12,20541.2,19934.72,-0.814
2025-10-13,18078.02,19932.33,-0.728
2025-10-14,16355.23,18213.5,-1.666
2025-10-15,13888.65,18404.11,-1.402
2025-10-16,18011.85,18286.65,-1.055
2025-10-17,19982.54,20109.41,0.195
2025-10-18,23350.46,20359.58,0.122
2025-10-19,17820.57,18554.99,-0.395
2025-10-20,15895.26,19265.33,-0.683
2025-10-21,18458.34,17065.42,1.064
2025-10-22,26964.44,17182.79,2.277
2025-10-23,21846.87,17408.75,2.183
2025-10-24,18888.75,17940.97,0.883
2025-10-25,20288.36,18950.58,0.583
2025-10-26,20101.11,17557.39,0.054
2025-10-27,16391.33,18674.78,0.561
2025-10-28,22635.44,18206.98,-0.035
2025-10-29,17452.24,18533.13,0.415
2025-10-30,18559.83,18106.57,-0.299
2025-10-31,19607.75,19491.75,-0.601
2025-11-01,21723.63,24789.64,-1.628
2025-11-02,17122.03,23525.8,-1.475
2025-11-03,21264.25,20272.25,-1.153
2025-11-04,20528.38,21235.74,0.138
2025-11-05,22658.94,20615.63,-0.221
2025-11-06,20195.74,21581.14,-0.635
2025-11-07,20242.2,23745.05,-1.359
2025-11-08,20094.69,22913.99,-0.631
2025-11-09,24560.03,21122.86,0.342
2025-11-10,21335.78,18229.52,1.721
2025-11-11,24334.46,17990.31,1.836
2025-11-12,21224.0,17640.11,2.038
2025-11-13,23949.47,19213.82,1.479
2025-11-14,25175.55,22084.0,0.952
2025-11-15,25504.83,24875.43,0.663
2025-11-16,25331.32,22507.75,0.475
2025-11-17,21369.5,19862.99,0.541
2025-11-18,20507.23,19743.03,0.324
2025-11-19,21193.47,19990.1,1.213
2025-11-20,27285.99,19688.31,0.617
2025-11-21,19288.55,22460.18,1.183
2025-11-22,29936.0,24110.43,0.637
2025-11-23,24783.83,21224.65,1.025
2025-11-24,20529.94,20890.12,-0.062
2025-11-25,17826.54,20028.7,-0.631
2025-11-26,19867.26,19937.17,-1.091
2025-11-27,13741.38,16563.78,0.547
2025-11-28,33110.51,25118.0,0.386
2025-11-29,26121.91,26919.67,0.078
2025-11-30,20052.79,24931.07,-0.699
2025-12-01,23915.29,21833.78,-0.416
2025-12-02,19715.12,18283.73,0.589
2025-12-03,19685.11,18058.77,0.232
2025-12-04,19050.26,19396.38,0.496
2025-12-05,25858.11,22499.42,0.604
2025-12-06,27296.47,24454.34,0.735
2025-12-07,22596.43,21761.24,0.235
2025-12-08,24037.79,24386.73,-0.318
2025-12-09,23141.69,24386.73,-0.605
2025-12-10,23204.94,24509.14,-0.507
2025-12-11,25241.21,24885.29,-0.373
2025-12-12,28309.75,28618.42,0.438
2025-12-13,34138.58,28618.42,1.093
2025-12-14,33896.84,27316.19,1.845
2025-12-15,31390.04,24987.65,1.788
2025-12-16,29249.88,24987.65,1.574
2025-12-17,29318.85,25113.08,1.452
2025-12-18,31081.39,25665.81,1.242
2025-12-19,31888.27,28943.79,1.104
2025-12-20,30648.03,27417.16,0.978
2025-12-21,29951.3,25702.35,0.835
2025-12-22,24080.41,23021.89,0.781
2025-12-23,24651.18,22344.78,0.019
2025-12-24,14523.68,16364.61,-1.279
2025-12-25,8334.87,14654.92,-1.296
2025-12-26,24630.21,22418.52,-0.3
2025-12-27,29016.94,25477.68,0.582
2025-12-28,22471.56,22257.9,0.352
2025-12-29,21539.16,21161.19,-0.455
2025-12-30,18038.86,20226.74,-0.054
2025-12-31,21729.82,18896.35,-0.071
