bundle,categories,orders_together,lift,confidence,avg_order_value_with_bundle
Water Filter + Hiking Backpack 40L,Outdoor & Camping / Outdoor & Camping,355,26.734,0.341,346.612
Yoga Block Set + Yoga Mat,Sports & Fitness / Sports & Fitness,249,25.533,0.144,237.419
Camping Stove + Camp Lantern,Outdoor & Camping / Outdoor & Camping,258,24.372,0.262,270.12
Single-Origin Coffee Beans + Burr Coffee Grinder,Gourmet Grocery / Home & Kitchen,1438,17.327,0.469,283.988
10in Tablet + Tablet Sleeve,Electronics / Electronics,607,16.874,0.428,543.711
Sleeping Bag + 2-Person Tent,Outdoor & Camping / Outdoor & Camping,1323,15.18,0.462,391.387
Fitness Tracker + Insulated Water Bottle,Sports & Fitness / Sports & Fitness,402,14.717,0.271,254.244
Single-Origin Coffee Beans + French Press,Gourmet Grocery / Home & Kitchen,1216,12.314,0.396,221.114
Wool Socks 3-Pack + Hiking Boots,Apparel / Apparel,1726,11.553,0.518,327.756
Mineral Sunscreen + Sun Hat,Beauty & Care / Apparel,395,10.442,0.239,193.045
USB-C Fast Charger + Smartwatch,Electronics / Electronics,672,8.647,0.216,362.458
Sleeping Pad + Sleeping Bag,Outdoor & Camping / Outdoor & Camping,676,7.619,0.235,323.312
Glass Storage Set + Stand Mixer,Home & Kitchen / Home & Kitchen,718,6.391,0.197,578.859
Adjustable Dumbbells + Gym Bag,Sports & Fitness / Sports & Fitness,959,5.617,0.253,495.815
Hiking Boots + Trekking Poles,Apparel / Outdoor & Camping,711,4.943,0.171,385.374
