feature,auc_drop
recency_days,0.05636
frequency,0.01323
orders_90d,0.00886
avg_interpurchase_days,0.00871
revenue_90d,0.00246
recency_vs_cadence,0.00169
loyalty_member,0.00144
orders_prev_90d,0.00124
revenue_365d,0.0012
tenure_days,0.00106
return_rate,0.00032
order_trend,0.00026
monetary,0.00022
n_categories,0.00016
mobile_share,0.00012
items_per_order,9e-05
age_band=55+,7e-05
region=West,5e-05
age_band=35-44,4e-05
avg_order_value,3e-05
age_band=45-54,3e-05
age_band=25-34,1e-05
promo_order_share,-1e-05
age_band=18-24,-5e-05
avg_discount,-8e-05
digital_share,-8e-05
days_since_first_promo_only,-8e-05
region=North,-0.0001
region=East,-0.00012
discount_share,-0.00013
region=South,-0.00029
