cohort,0,1,2,3,4,5,6,7,8,9,10,11
2023Q2,1.0,0.4322527015793849,0.4455527847049044,0.3782211138819618,0.35328345802161265,0.3283458021612635,0.34497090606816294,0.2485453034081463,0.23607647547797173,0.2169576059850374,0.23025768911055694,
2023Q3,1.0,0.3780487804878049,0.35920177383592017,0.3215077605321508,0.31929046563192903,0.3137472283813747,0.25609756097560976,0.24168514412416853,0.2106430155210643,0.20288248337028825,,
2023Q4,1.0,0.32593340060544906,0.3562058526740666,0.3602421796165489,0.34712411705348134,0.28254288597376387,0.2522704339051463,0.2401614530776993,0.248234106962664,,,
2024Q1,1.0,0.32342857142857145,0.35085714285714287,0.3577142857142857,0.30857142857142855,0.304,0.272,0.27314285714285713,,,,
2024Q2,1.0,0.3058252427184466,0.40048543689320387,0.35436893203883496,0.34951456310679613,0.32524271844660196,0.3106796116504854,,,,,
2024Q3,1.0,0.3661616161616162,0.33964646464646464,0.3282828282828283,0.351010101010101,0.3472222222222222,,,,,,
2024Q4,1.0,0.3276036400404449,0.36703741152679475,0.3518705763397371,0.37209302325581395,,,,,,,
2025Q1,1.0,0.3172966781214204,0.3447880870561283,0.35967926689576174,,,,,,,,
2025Q2,1.0,0.3137254901960784,0.40931372549019607,,,,,,,,,
2025Q3,1.0,0.3504171632896305,,,,,,,,,,
