category,week_start,horizon,p10,p50,p90
Apparel,2025-12-29,1,21499.74,26105.82,35004.81
Apparel,2026-01-05,2,20107.94,24415.86,32738.79
Apparel,2026-01-12,3,18653.69,22650.07,30371.1
Apparel,2026-01-19,4,17421.89,21154.38,28365.58
Apparel,2026-01-26,5,15235.48,19460.13,24272.81
Apparel,2026-02-02,6,15007.33,19168.72,23909.33
Apparel,2026-02-09,7,16349.24,20882.71,26047.19
Apparel,2026-02-16,8,17626.66,22514.33,28082.29
Apparel,2026-02-23,9,19306.3,25255.9,30661.0
Apparel,2026-03-02,10,20878.3,27312.32,33157.5
Apparel,2026-03-09,11,19058.6,24931.86,30267.61
Apparel,2026-03-16,12,19755.08,25842.98,31373.71
Apparel,2026-03-23,13,19172.9,25081.38,30449.13
Beauty & Care,2025-12-29,1,6248.59,7587.43,10174.08
Beauty & Care,2026-01-05,2,5455.32,6624.22,8882.55
Beauty & Care,2026-01-12,3,4424.88,5373.04,7204.88
Beauty & Care,2026-01-19,4,5367.33,6517.38,8739.29
Beauty & Care,2026-01-26,5,5038.12,6435.33,8027.02
Beauty & Care,2026-02-02,6,5308.39,6780.54,8457.59
Beauty & Care,2026-02-09,7,5366.19,6854.37,8549.68
Beauty & Care,2026-02-16,8,5471.02,6988.25,8716.68
Beauty & Care,2026-02-23,9,5801.27,7589.25,9213.6
Beauty & Care,2026-03-02,10,4912.17,6426.18,7801.63
Beauty & Care,2026-03-09,11,4557.0,5961.57,7237.58
Beauty & Care,2026-03-16,12,4804.09,6284.8,7629.99
Beauty & Care,2026-03-23,13,4031.16,5273.68,6402.49
Electronics,2025-12-29,1,26888.52,32649.03,43778.4
Electronics,2026-01-05,2,25781.34,31304.66,41975.77
Electronics,2026-01-12,3,24776.21,30084.2,40339.3
Electronics,2026-01-19,4,19745.07,23975.24,32147.99
Electronics,2026-01-26,5,20261.5,25879.72,32279.94
Electronics,2026-02-02,6,20380.72,26032.0,32469.88
Electronics,2026-02-09,7,22935.09,29294.63,36539.34
Electronics,2026-02-16,8,22036.52,28146.91,35107.8
Electronics,2026-02-23,9,20990.24,27458.74,33335.26
Electronics,2026-03-02,10,21923.54,28679.65,34817.44
Electronics,2026-03-09,11,18359.99,24017.98,29158.15
Electronics,2026-03-16,12,19560.76,25588.76,31065.09
Electronics,2026-03-23,13,18290.55,23927.14,29047.88
Gourmet Grocery,2025-12-29,1,6192.99,7519.93,10083.57
Gourmet Grocery,2026-01-05,2,5672.42,6887.83,9236.02
Gourmet Grocery,2026-01-12,3,4911.78,5964.24,7997.61
Gourmet Grocery,2026-01-19,4,5044.07,6124.87,8212.99
Gourmet Grocery,2026-01-26,5,4825.22,6163.4,7687.84
Gourmet Grocery,2026-02-02,6,4309.8,5505.06,6866.69
Gourmet Grocery,2026-02-09,7,4846.06,6190.02,7721.03
Gourmet Grocery,2026-02-16,8,5160.1,6591.13,8221.34
Gourmet Grocery,2026-02-23,9,5531.23,7236.0,8784.75
Gourmet Grocery,2026-03-02,10,4008.09,5243.5,6365.85
Gourmet Grocery,2026-03-09,11,4992.7,6531.52,7929.51
Gourmet Grocery,2026-03-16,12,5840.15,7640.11,9275.34
Gourmet Grocery,2026-03-23,13,5729.79,7495.75,9100.09
Home & Kitchen,2025-12-29,1,24401.98,29629.8,39730.01
Home & Kitchen,2026-01-05,2,26109.15,31702.7,42509.48
Home & Kitchen,2026-01-12,3,26362.99,32010.92,42922.76
Home & Kitchen,2026-01-19,4,25741.63,31256.44,41911.11
Home & Kitchen,2026-01-26,5,22656.31,28938.56,36095.22
Home & Kitchen,2026-02-02,6,19087.82,24380.62,30410.12
Home & Kitchen,2026-02-09,7,20528.11,26220.26,32704.69
Home & Kitchen,2026-02-16,8,19707.03,25171.52,31396.6
Home & Kitchen,2026-02-23,9,21489.15,28111.39,34127.58
Home & Kitchen,2026-03-02,10,20762.65,27161.02,32973.82
Home & Kitchen,2026-03-09,11,19270.0,25208.41,30603.34
Home & Kitchen,2026-03-16,12,21280.94,27839.03,33796.92
Home & Kitchen,2026-03-23,13,18331.97,23981.32,29113.65
Outdoor & Camping,2025-12-29,1,9215.84,11190.36,15005.14
Outdoor & Camping,2026-01-05,2,8322.74,10105.92,13551.05
Outdoor & Camping,2026-01-12,3,8696.65,10559.94,14159.83
Outdoor & Camping,2026-01-19,4,7080.15,8597.13,11527.97
Outdoor & Camping,2026-01-26,5,6802.16,8688.49,10837.38
Outdoor & Camping,2026-02-02,6,6745.7,8616.37,10747.42
Outdoor & Camping,2026-02-09,7,6752.31,8624.82,10757.95
Outdoor & Camping,2026-02-16,8,7056.86,9013.81,11243.14
Outdoor & Camping,2026-02-23,9,9353.2,12235.72,14854.44
Outdoor & Camping,2026-03-02,10,9692.69,12679.83,15393.58
Outdoor & Camping,2026-03-09,11,10247.3,13405.34,16274.36
Outdoor & Camping,2026-03-16,12,10738.39,14047.76,17054.26
Outdoor & Camping,2026-03-23,13,13640.81,17844.57,21663.61
Sports & Fitness,2025-12-29,1,16430.7,19950.84,26751.79
Sports & Fitness,2026-01-05,2,19997.92,24282.27,32559.67
Sports & Fitness,2026-01-12,3,25519.98,30987.31,41550.25
Sports & Fitness,2026-01-19,4,23035.97,27971.16,37505.98
Sports & Fitness,2026-01-26,5,18662.61,23837.52,29732.71
Sports & Fitness,2026-02-02,6,20668.21,26399.21,32927.89
Sports & Fitness,2026-02-09,7,18306.14,23382.2,29164.79
Sports & Fitness,2026-02-16,8,17005.3,21720.67,27092.38
Sports & Fitness,2026-02-23,9,15445.81,20205.78,24530.13
Sports & Fitness,2026-03-02,10,14719.85,19256.11,23377.23
Sports & Fitness,2026-03-09,11,14179.09,18548.72,22518.45
Sports & Fitness,2026-03-16,12,14526.92,19003.74,23070.85
Sports & Fitness,2026-03-23,13,12444.03,16279.0,19763.0
Toys & Games,2025-12-29,1,6768.83,8219.12,11021.1
Toys & Games,2026-01-05,2,5491.71,6668.4,8941.79
Toys & Games,2026-01-12,3,3377.15,4100.84,5499.03
Toys & Games,2026-01-19,4,3337.83,4053.1,5435.02
Toys & Games,2026-01-26,5,3284.23,4195.13,5232.82
Toys & Games,2026-02-02,6,3238.38,4136.57,5159.78
Toys & Games,2026-02-09,7,3274.79,4183.08,5217.79
Toys & Games,2026-02-16,8,3083.4,3938.62,4912.88
Toys & Games,2026-02-23,9,2896.26,3789.06,4600.15
Toys & Games,2026-03-02,10,2998.36,3922.62,4762.3
Toys & Games,2026-03-09,11,2728.77,3569.95,4334.15
Toys & Games,2026-03-16,12,3791.05,4959.58,6021.16
Toys & Games,2026-03-23,13,2794.67,3656.17,4438.82
