feature,importance
ly_ratio,0.17049143283456175
lag1_ratio,0.14253339147688407
ly_next_ratio,0.1048822745361336
momentum,0.09819755272647172
ly_prev_ratio,0.09188838640688576
yoy_level,0.08027385384578456
lag4_ratio,0.05055925180965435
woy_cos,0.04721795921760426
lag2_ratio,0.0406293040273479
week_of_year,0.03440272035291399
cat,0.03201571755621826
woy_sin,0.016587031849458
sitewide_days,0.00913539666352765
disc,0.0035701265404011417
pre_christmas,0.0003714860329015135
disc_ly,0.00029971470489085215
sitewide_ly,0.0001692055554818328
has_christmas,0.0
has_thanksgiving,0.0
has_new_year,0.0
