product_id,net_revenue,gross_profit,units,cum_share,abc_class,product_name,category
P052,1192485.7,531250.3,4740,0.07378497508230784,A,Adjustable Dumbbells,Sports & Fitness
P020,1135165.35,541844.55,3723,0.1440232572386886,A,Stand Mixer,Home & Kitchen
P010,765881.63,190674.64,2937,0.19141213325250356,A,Action Camera,Electronics
P042,712228.78,420640.30000000005,5546,0.23548124266421602,A,Hiking Boots,Apparel
P008,590304.15,97192.05000000002,3039,0.2720062735293517,A,Noise-Cancelling Headphones,Electronics
P007,545359.3200000001,182345.72000000003,1582,0.30575034596317996,A,10in Tablet,Electronics
P027,471489.0,101574.60000000003,3336,0.3349236971543785,A,2-Person Tent,Outdoor & Camping
P003,443040.28,79090.36000000004,2607,0.36233678564697736,A,Smartwatch,Electronics
P039,437096.13,254634.57,3742,0.38938208024516263,A,Rain Jacket,Apparel
P048,426689.74,197943.03999999998,4559,0.4157834801393303,A,Down Vest,Apparel
P014,395566.98,189501.42,3334,0.44025916128392073,A,Chef Knife Set,Home & Kitchen
P021,321978.94,135144.88,2818,0.4601815872425112,A,Air Fryer,Home & Kitchen
P083,320522.76,154694.24,12202,0.48001391215836764,A,Extra Virgin Olive Oil,Gourmet Grocery
P001,301312.1,23926.699999999997,4742,0.4986575787369252,A,Wireless Earbuds,Electronics
P043,277561.05,146633.85,2547,0.5158316506424158,A,Trail Running Shoes,Apparel
P028,272806.29,75802.76999999999,3405,0.5327115220823389,A,Sleeping Bag,Outdoor & Camping
P016,261108.72,117586.55999999998,3163,0.5488676071397726,A,Burr Coffee Grinder,Home & Kitchen
P059,259445.67,116673.89000000001,5280,0.564920791086685,A,Gym Bag,Sports & Fitness
P018,256799.61000000002,117315.65000000001,1789,0.580810250243299,A,Non-Stick Pan Set,Home & Kitchen
P041,249016.88999999998,149813.61,3588,0.596218154106401,A,Merino Base Layer,Apparel
P012,242655.48,57510.35,4679,0.611232446139744,A,Gaming Mouse,Electronics
P047,239932.85,153679.9,5566,0.6260782756190217,A,Chino Pants,Apparel
P037,229212.62,53752.49999999999,3503,0.6402607915647059,A,Sleeping Pad,Outdoor & Camping
P025,224442.87,109887.56999999999,2444,0.6541481795395484,A,Dinnerware 16pc,Home & Kitchen
P062,220464.24,120848.22,7960,0.6677893900420643,A,Vitamin C Serum,Beauty & Care
P034,219067.91,86836.28,3813,0.6813442027167012,A,Trekking Poles,Outdoor & Camping
P023,208316.96000000002,89986.54000000001,4701,0.694233801059744,A,Glass Storage Set,Home & Kitchen
P011,205700.94,59388.54,1472,0.7069615333355332,A,E-Reader,Electronics
P071,201302.86,119589.21999999997,2712,0.7194171346975431,A,Perfume 50ml,Beauty & Care
P040,200299.38,116361.62,3952,0.731810645799858,A,Fleece Pullover,Apparel
P031,196875.31,87682.24,1360,0.7439922927937563,A,Hiking Backpack 40L,Outdoor & Camping
P035,178071.95,56014.950000000004,1390,0.7550104831113491,A,Cooler 30L,Outdoor & Camping
P072,168539.08000000002,56330.55,4285,0.765438827718077,A,Building Blocks 500pc,Toys & Games
P088,167775.51,69876.93,1826,0.7758199264807468,A,Gourmet Gift Basket,Gourmet Grocery
P022,167670.61,54549.51999999999,5614,0.7861945345627434,A,Linen Towel Set,Home & Kitchen
P050,149507.38,81625.3,5328,0.795445293970526,A,Leather Belt,Apparel
P057,145478.44,45655.87999999999,1805,0.8044467629780059,B,Fitness Tracker,Sports & Fitness
P075,140836.22,47984.3,2363,0.8131609949250946,B,RC Car,Toys & Games
P081,124312.04999999999,49685.74999999999,5973,0.8208527949288017,B,Single-Origin Coffee Beans,Gourmet Grocery
P015,122610.0,61936.8,2327,0.8284392806995257,B,Cast Iron Skillet,Home & Kitchen
P033,120934.57,29666.98000000001,3036,0.8359220993480341,B,Camp Chair,Outdoor & Camping
P045,118158.23,70906.34999999999,1405,0.8432331321397226,B,Denim Jacket,Apparel
P004,115816.73,20741.08999999999,5731,0.8503992847712925,B,Phone Case,Electronics
P017,110818.2,38466.399999999994,3812,0.8572561536844091,B,French Press,Home & Kitchen
P046,108331.04,66748.1,4784,0.8639591297343864,B,Organic Cotton Tee,Apparel
P076,100068.5,49127.4,6303,0.8701508616595776,B,Plush Bear,Toys & Games
P055,95698.7,23491.44999999999,4268,0.8760722124941487,B,Foam Roller,Sports & Fitness
P005,95031.5,29524.699999999997,3490,0.8819522803721404,B,USB-C Fast Charger,Electronics
P009,94896.81,17763.030000000002,3434,0.8878240143151473,B,Smart Plug 2-Pack,Electronics
P029,91575.5,46613.1,1168,0.8934902424180503,B,Camping Stove,Outdoor & Camping
P044,76225.65,37074.799999999996,4426,0.8982066995511486,B,Wool Socks 3-Pack,Apparel
P024,74412.48,17457.84,1972,0.9028109669084954,B,Electric Kettle,Home & Kitchen
P049,73851.23,42975.770000000004,2859,0.9073805069586174,B,Sun Hat,Apparel
P030,73083.94,21938.819999999992,3153,0.9119025709899234,B,Headlamp,Outdoor & Camping
P026,63799.149999999994,21356.949999999993,3464,0.9158501392442199,B,Scented Candle,Home & Kitchen
P073,63392.700000000004,32223.100000000002,1674,0.9197725584312174,B,Strategy Board Game,Toys & Games
P006,62355.810000000005,12079.350000000004,1642,0.9236308201169443,B,Power Bank 20K,Electronics
P058,61540.57,18578.910000000003,1266,0.9274386388807258,B,Kettlebell 12kg,Sports & Fitness
P013,61167.24,5575.079999999993,2639,0.931223357875053,B,Tablet Sleeve,Electronics
P019,56519.51,28089.870000000003,1719,0.9347204988780974,B,Cutting Board,Home & Kitchen
P084,54523.689999999995,16760.25,3352,0.9380941486485269,B,Trail Mix 1kg,Gourmet Grocery
P070,53416.17,33809.85,1953,0.9413992706910321,B,Face Mask Set,Beauty & Care
P054,52302.79,16448.07,2076,0.9446355024184945,B,Insulated Water Bottle,Sports & Fitness
P002,51908.42,14927.3,816,0.9478473325278719,B,Bluetooth Speaker,Electronics
P066,50124.219999999994,28948.429999999997,2663,0.9509487653783624,C,Beard Oil,Beauty & Care
P064,49632.24,34184.0,2539,0.9540197569983702,C,Mineral Sunscreen,Beauty & Care
P032,48909.36,17970.620000000003,1234,0.9570460204654219,C,Water Filter,Outdoor & Camping
P087,48121.77,12157.049999999997,2543,0.9600235518524788,C,Hot Sauce Trio,Gourmet Grocery
P068,47670.23,26478.710000000003,4618,0.9629731442314213,C,Bamboo Toothbrush 4-Pack,Beauty & Care
P074,44135.84,16940.539999999997,2328,0.9657040464591266,C,Jigsaw Puzzle 1000pc,Toys & Games
P078,41833.5,22892.499999999996,2499,0.9682924915491647,C,Card Game,Toys & Games
P053,39778.799999999996,14682.999999999998,1941,0.9707538022104197,C,Resistance Bands,Sports & Fitness
P038,39446.51,14686.039999999999,1176,0.9731945524495497,C,Camp Lantern,Outdoor & Camping
P063,37400.85,20619.899999999998,1399,0.9755087276093081,C,Daily Moisturizer,Beauty & Care
P061,34976.939999999995,13404.109999999997,2080,0.9776729234955609,C,Yoga Block Set,Sports & Fitness
P085,33310.44,7528.59,2518,0.9797340048027671,C,Loose Leaf Tea,Gourmet Grocery
P080,32807.38,15249.420000000002,1061,0.9817639593052118,C,Art Supplies Kit,Toys & Games
P056,32094.37,16877.05,1929,0.9837497963603079,C,Jump Rope,Sports & Fitness
P067,30971.95,20028.55,3098,0.9856661837509495,C,Lip Balm 4-Pack,Beauty & Care
P079,29768.260000000002,11617.599999999999,557,0.9875080929011755,C,Wooden Train Set,Toys & Games
P089,27991.29,7997.249999999999,3426,0.989240052148294,C,Dried Mango,Gourmet Grocery
P051,27776.56,12664.480000000001,634,0.990958724990637,C,Yoga Mat,Sports & Fitness
P086,26296.99,4175.800000000001,2735,0.992585849535518,C,Raw Honey,Gourmet Grocery
P077,26044.23,11856.930000000002,774,0.9941973345718483,C,Science Kit,Toys & Games
P060,25766.12,11587.34,2102,0.9957916115700276,C,Protein Shaker,Sports & Fitness
P036,19547.54,6188.639999999999,1815,0.9970011143354028,C,Insect Repellent,Outdoor & Camping
P065,18991.0,13756.899999999998,1138,0.9981761812244968,C,Shampoo Bar,Beauty & Care
P069,18671.61,10233.83,1983,0.9993314858781263,C,Body Wash,Beauty & Care
P082,10804.28,4669.04,1268,0.9999999999999998,C,Artisan Dark Chocolate,Gourmet Grocery
