promo_id,promo_name,year,start,end,days,scope,discount_pct,actual_net,counterfactual_net,uplift_pct,incremental_revenue,discount_cost,incremental_gp_during,post_event_gp,total_incremental_gp,roi
PR001,New Year Fitness Push,2023,2023-01-02,2023-01-15,14,Sports & Fitness,0.2,32339.02,27646.77,0.1697,4692.25,8655.4,-3877.8377,-1044.0282,-4921.8659,-0.5686
PR002,Winter Apparel Clearance,2023,2023-01-20,2023-01-31,12,Apparel,0.4,19201.18,24216.0972,-0.2071,-5014.9172,17116.4,-9261.9861,-224.2126,-9486.1987,-0.5542
PR003,Valentine's Beauty,2023,2023-02-07,2023-02-14,8,Beauty & Care,0.15,4388.17,4093.6055,0.072,294.5645,815.55,-147.891,-53.893,-201.784,-0.2474
PR004,Spring Fashion Event,2023,2023-03-15,2023-03-28,14,Apparel,0.25,32395.1,27522.3819,0.177,4872.7181,15000.75,-2567.3684,-1706.138,-4273.5064,-0.2849
PR005,Mother's Day Gifts,2023,2023-05-01,2023-05-11,11,"Beauty & Care, Home & Kitchen",0.15,33072.95,31331.8581,0.0556,1741.0919,6138.0,-3609.4527,-1224.4217,-4833.8743,-0.7875
PR006,Summer Outdoor Sale,2023,2023-06-15,2023-07-05,21,Outdoor & Camping,0.2,51256.6,45919.7631,0.1162,5336.8369,13904.6,-3746.5327,1697.7114,-2048.8213,-0.1473
PR007,Mid-Year Mega Sale,2023,2023-07-15,2023-07-18,4,ALL,0.15,51406.31,46826.8149,0.0978,4579.4951,10052.25,-3714.525,-2051.7416,-5766.2667,-0.5736
PR008,Back to School Tech,2023,2023-08-08,2023-08-25,18,"Electronics, Apparel",0.15,106171.43,90980.6184,0.167,15190.8116,21555.0,-6528.4056,2111.3577,-4417.048,-0.2049
PR009,Electronics Flash Weekend,2023,2023-10-11,2023-10-13,3,Electronics,0.35,9954.78,9329.667,0.067,625.113,5923.4,-3747.0642,-544.4544,-4291.5186,-0.7245
PR010,Black Friday Week,2023,2023-11-20,2023-11-27,8,ALL,0.3,110240.56,107927.0061,0.0214,2313.5539,53128.8,-27373.2202,1338.8641,-26034.3561,-0.49
PR011,Holiday Toy Event,2023,2023-12-01,2023-12-20,20,Toys & Games,0.2,29670.67,17667.846,0.6794,12002.824,7714.4,15.5689,-54.777,-39.2081,-0.0051
PR012,Gourmet Gifting,2023,2023-12-05,2023-12-23,19,Gourmet Grocery,0.1,19637.9,14906.0234,0.3174,4731.8766,2251.2,400.5922,-2.7014,397.8908,0.1767
PR013,New Year Fitness Push,2024,2024-01-02,2024-01-15,14,Sports & Fitness,0.2,32794.47,30713.2717,0.0678,2081.1983,8896.6,-4462.2068,-171.4702,-4633.6769,-0.5208
PR014,Winter Apparel Clearance,2024,2024-01-20,2024-01-31,12,Apparel,0.4,25687.62,25467.6148,0.0086,220.0052,23325.2,-6802.9091,-303.7122,-7106.6213,-0.3047
PR015,Valentine's Beauty,2024,2024-02-07,2024-02-14,8,Beauty & Care,0.15,6418.47,5195.5621,0.2354,1222.9079,1187.85,463.4163,513.4436,976.8599,0.8224
PR016,Spring Fashion Event,2024,2024-03-15,2024-03-28,14,Apparel,0.25,43087.22,36630.176,0.1763,6457.044,18783.25,-1473.5961,-417.5533,-1891.1493,-0.1007
PR017,Mother's Day Gifts,2024,2024-05-01,2024-05-11,11,"Beauty & Care, Home & Kitchen",0.15,42328.89,39627.1807,0.0682,2701.7093,7759.5,-1067.9719,5.6295,-1062.3424,-0.1369
PR018,Summer Outdoor Sale,2024,2024-06-15,2024-07-05,21,Outdoor & Camping,0.2,60007.95,59089.9485,0.0155,918.0015,16222.6,-11260.6341,-1469.4649,-12730.099,-0.7847
PR019,Mid-Year Mega Sale,2024,2024-07-15,2024-07-18,4,ALL,0.15,52096.21,52414.9316,-0.0061,-318.7216,10095.45,-5271.8521,-9475.7315,-14747.5836,-1.4608
PR020,Back to School Tech,2024,2024-08-08,2024-08-25,18,"Electronics, Apparel",0.15,120434.58,110119.885,0.0937,10314.695,24242.7,-9834.2488,-340.2803,-10174.5291,-0.4197
PR021,Electronics Flash Weekend,2024,2024-10-11,2024-10-13,3,Electronics,0.35,9545.77,10799.2395,-0.1161,-1253.4695,6184.5,-4643.0447,-1224.7065,-5867.7512,-0.9488
PR022,Black Friday Week,2024,2024-11-25,2024-12-02,8,ALL,0.3,134887.58,120254.5082,0.1217,14633.0718,66105.0,-24772.0523,-1201.0248,-25973.0771,-0.3929
PR023,Holiday Toy Event,2024,2024-12-01,2024-12-20,20,Toys & Games,0.2,31602.75,22649.5875,0.3953,8953.1625,8968.2,-367.7214,243.6187,-124.1026,-0.0138
PR024,Gourmet Gifting,2024,2024-12-05,2024-12-23,19,Gourmet Grocery,0.1,25545.12,19629.1633,0.3014,5915.9567,2872.1,1927.162,263.9552,2191.1172,0.7629
PR025,New Year Fitness Push,2025,2025-01-02,2025-01-15,14,Sports & Fitness,0.2,41737.56,43504.0652,-0.0406,-1766.5052,10986.4,-2989.3937,4439.7451,1450.3514,0.132
PR026,Winter Apparel Clearance,2025,2025-01-20,2025-01-31,12,Apparel,0.4,27961.63,34271.229,-0.1841,-6309.599,27069.6,-10345.9056,-1158.2538,-11504.1594,-0.425
PR027,Valentine's Beauty,2025,2025-02-07,2025-02-14,8,Beauty & Care,0.15,7337.18,5793.21,0.2665,1543.97,1383.75,487.9797,251.5993,739.579,0.5345
PR028,Spring Fashion Event,2025,2025-03-15,2025-03-28,14,Apparel,0.25,42244.49,47937.5918,-0.1188,-5693.1018,19836.0,-9273.5182,-836.1576,-10109.6758,-0.5097
PR029,Mother's Day Gifts,2025,2025-05-01,2025-05-11,11,"Beauty & Care, Home & Kitchen",0.15,52690.93,45414.3322,0.1602,7276.5978,10017.75,-825.9586,626.6997,-199.259,-0.0199
PR030,Summer Outdoor Sale,2025,2025-06-15,2025-07-05,21,Outdoor & Camping,0.2,72933.29,64642.1147,0.1283,8291.1753,19980.0,-8459.2807,-75.5547,-8534.8354,-0.4272
PR031,Mid-Year Mega Sale,2025,2025-07-15,2025-07-18,4,ALL,0.15,67630.26,63397.5151,0.0668,4232.7449,12964.05,-5299.442,-3381.8582,-8681.3002,-0.6696
PR032,Back to School Tech,2025,2025-08-08,2025-08-25,18,"Electronics, Apparel",0.15,122581.73,125378.6714,-0.0223,-2796.9414,25244.55,-13868.3059,77.5863,-13790.7197,-0.5463
PR033,Electronics Flash Weekend,2025,2025-10-11,2025-10-13,3,Electronics,0.35,9231.8,11828.7068,-0.2195,-2596.9068,5553.8,-4029.2737,-433.9318,-4463.2055,-0.8036
PR034,Black Friday Week,2025,2025-11-24,2025-12-01,8,ALL,0.3,153442.22,145674.9254,0.0533,7767.2946,75087.3,-32789.865,-789.5332,-33579.3982,-0.4472
PR035,Holiday Toy Event,2025,2025-12-01,2025-12-20,20,Toys & Games,0.2,40722.23,28177.919,0.4452,12544.311,10927.4,494.3915,337.4731,831.8646,0.0761
PR036,Gourmet Gifting,2025,2025-12-05,2025-12-23,19,Gourmet Grocery,0.1,28739.68,24619.1735,0.1674,4120.5065,3274.5,453.5908,-428.5996,24.9912,0.0076
